{"initial_reset_timestamp": 1552308758.489484, "timestamps": [1552308764.188599, 1552308770.4747598, 1552308770.62168, 1552308770.638259, 1552308770.653088, 1552308770.667129, 1552308770.68485, 1552308770.703475, 1552308776.1234791, 1552308776.273132, 1552308776.291924, 1552308776.306082, 1552308776.32048, 1552308776.334315, 1552308776.357625, 1552308776.375375, 1552308776.392538, 1552308776.411597, 1552308776.4311569, 1552308776.4452531, 1552308776.462968, 1552308776.480533, 1552308776.501986, 1552308776.5202198, 1552308776.538656, 1552308776.5531049, 1552308776.570236, 1552308781.953849, 1552308782.1081421, 1552308782.1273081, 1552308782.1414049, 1552308782.160213, 1552308782.1748621, 1552308782.194315, 1552308782.212163, 1552308782.225337, 1552308782.242456, 1552308782.2571352, 1552308782.275448, 1552308782.2995572, 1552308782.3148448, 1552308782.336218, 1552308782.35569, 1552308782.373478, 1552308782.392261, 1552308782.41473, 1552308782.4294841, 1552308782.447306, 1552308782.4661179, 1552308782.486547, 1552308782.508936, 1552308782.5222259, 1552308782.541121, 1552308782.5576022, 1552308782.579103, 1552308782.593517, 1552308782.611915, 1552308782.6272619, 1552308782.6466198, 1552308782.664806, 1552308782.682703, 1552308782.702005, 1552308782.716395, 1552308782.738026, 1552308789.2523189, 1552308789.402294, 1552308789.422933, 1552308789.441695, 1552308789.455934, 1552308789.475529, 1552308789.4895759, 1552308789.5075042, 1552308789.525534, 1552308789.539477, 1552308789.557334, 1552308789.5755908, 1552308789.592404, 1552308789.605921, 1552308789.624578, 1552308789.6389189, 1552308789.6566982, 1552308789.6757388, 1552308789.695284, 1552308789.709593, 1552308789.7243662, 1552308789.7431612, 1552308789.758847, 1552308789.777666, 1552308789.7987998, 1552308789.8175201, 1552308789.836173, 1552308789.854375, 1552308789.871278, 1552308789.8871648, 1552308789.905737, 1552308789.923859, 1552308789.940935, 1552308789.9587781, 1552308789.9752982, 1552308789.993631], "episode_lengths": [151, 172, 115, 120, 121, 115, 146, 153, 152, 129, 153, 117, 120, 117, 199, 149, 145, 161, 166, 118, 150, 148, 183, 156, 158, 120, 152, 147, 154, 156, 118, 161, 123, 148, 149, 110, 143, 120, 151, 197, 125, 177, 161, 151, 156, 190, 123, 151, 159, 169, 188, 112, 160, 138, 181, 122, 155, 129, 157, 153, 147, 159, 116, 178, 179, 153, 168, 153, 116, 161, 117, 151, 149, 116, 148, 153, 142, 114, 157, 119, 149, 158, 154, 118, 122, 155, 128, 154, 173, 157, 154, 153, 143, 133, 156, 157, 149, 157, 144, 162], "episode_rewards": [-151.0, -172.0, -115.0, -120.0, -121.0, -115.0, -146.0, -153.0, -152.0, -129.0, -153.0, -117.0, -120.0, -117.0, -199.0, -149.0, -145.0, -161.0, -166.0, -118.0, -150.0, -148.0, -183.0, -156.0, -158.0, -120.0, -152.0, -147.0, -154.0, -156.0, -118.0, -161.0, -123.0, -148.0, -149.0, -110.0, -143.0, -120.0, -151.0, -197.0, -125.0, -177.0, -161.0, -151.0, -156.0, -190.0, -123.0, -151.0, -159.0, -169.0, -188.0, -112.0, -160.0, -138.0, -181.0, -122.0, -155.0, -129.0, -157.0, -153.0, -147.0, -159.0, -116.0, -178.0, -179.0, -153.0, -168.0, -153.0, -116.0, -161.0, -117.0, -151.0, -149.0, -116.0, -148.0, -153.0, -142.0, -114.0, -157.0, -119.0, -149.0, -158.0, -154.0, -118.0, -122.0, -155.0, -128.0, -154.0, -173.0, -157.0, -154.0, -153.0, -143.0, -133.0, -156.0, -157.0, -149.0, -157.0, -144.0, -162.0], "episode_types": ["t", "t", "t", "t", "t", "t", "t", "t", "t", "t", "t", "t", "t", "t", "t", "t", "t", "t", "t", "t", "t", "t", "t", "t", "t", "t", "t", "t", "t", "t", "t", "t", "t", "t", "t", "t", "t", "t", "t", "t", "t", "t", "t", "t", "t", "t", "t", "t", "t", "t", "t", "t", "t", "t", "t", "t", "t", "t", "t", "t", "t", "t", "t", "t", "t", "t", "t", "t", "t", "t", "t", "t", "t", "t", "t", "t", "t", "t", "t", "t", "t", "t", "t", "t", "t", "t", "t", "t", "t", "t", "t", "t", "t", "t", "t", "t", "t", "t", "t", "t"]}